label,avg_ct,avg_lt,avg_rt,bytes,concurrency,fail,stdev_rt,succ,throughput,perc_0.0,perc_50.0,perc_90.0,perc_95.0,perc_99.0,perc_99.9,perc_100.0,rc_200
/api/v1/sessions,0.00000,0.00000,0.01337,526752,496,0,0.00487,496,496,0.01000,0.01200,0.01500,0.01700,0.04500,0.05200,0.05200,496
,0.00000,0.00000,6.23281,28052583,40,0,5.51661,2724,2724,0.01000,5.24000,14.36800,16.08800,18.28800,20.04800,20.24000,2724
/api/v1/carts,0.00000,0.00000,6.17604,27429522,40,0,3.92955,1121,1121,0.01500,6.30000,11.38400,12.04800,13.49600,14.72800,14.91200,1121
/api/v1/carts/items,0.00000,0.00000,9.07697,96309,4,0,5.81579,1107,1107,0.02300,9.88800,16.43200,17.50400,18.97600,20.06400,20.24000,1107
