label,avg_ct,avg_lt,avg_rt,bytes,concurrency,fail,stdev_rt,succ,throughput,perc_0.0,perc_50.0,perc_90.0,perc_95.0,perc_99.0,perc_99.9,perc_100.0,rc_200
/api/v1/sessions,0.00000,0.00000,0.01714,525690,495,0,0.03044,495,495,0.01100,0.01400,0.01700,0.01800,0.05800,0.48300,0.48300,495
/api/v1/carts,0.00000,0.00000,4.75704,14868266,60,0,2.62813,1279,1279,0.00800,4.82400,8.13200,8.67200,9.56000,10.83200,11.07200,1279
/api/v1/carts/items,0.00000,0.00000,7.12735,117363,2,0,3.77737,1349,1349,0.01100,7.45200,11.97600,12.48000,13.18400,13.80000,13.83200,1349
,0.00000,0.00000,5.02963,15511319,60,0,3.86090,3123,3123,0.00800,4.90400,10.51200,11.79200,12.84000,13.64800,13.83200,3123
