label,avg_ct,avg_lt,avg_rt,bytes,concurrency,fail,stdev_rt,succ,throughput,perc_0.0,perc_50.0,perc_90.0,perc_95.0,perc_99.0,perc_99.9,perc_100.0,rc_200
/api/v1/sessions,0.00000,0.00000,0.00914,1145735,1,0,0.00369,3139,3139,0.00600,0.00800,0.01400,0.01700,0.02300,0.02800,0.03200,3139
,0.00000,0.00000,0.00914,1145735,1,0,0.00369,3139,3139,0.00600,0.00800,0.01400,0.01700,0.02300,0.02800,0.03200,3139
